Token,Item Name,Customer-facing Name,Variation Name,SKU,Description,Categories,Reporting Category,SEO Title,SEO Description,Permalink,GTIN,Square Online Item Visibility,Item Type,Weight (lb),Social Media Link Title,Social Media Link Description,Shipping Enabled,Self-serve Ordering Enabled,Delivery Enabled,Pickup Enabled,Price,Online Sale Price,Archived,Sellable,Contains Alcohol,Stockable,Skip Detail Screen in POS,Option Name 1,Option Value 1,Current Quantity Smartscott.com LLC,New Quantity Smartscott.com LLC,Stock Alert Enabled Smartscott.com LLC,Stock Alert Count Smartscott.com LLC
SAVEBKOLZYUATZKMPCP4QAH2,100 Tokens,,,,Bundle of 100 Tokens for in-app exchange.,Token Bundles,Token Bundles,,,,,visible,Other,,,,N,,,,4.98,,N,,N,,N,,,,,,
DUUV6K74PPTEKKOPMCJPBJYM,1000 Tokens,,,,A bundle of 1000 tokens for in-app exchange.,Token Bundles,Token Bundles,,,,,visible,Other,,,,N,N,N,N,9.98,,N,,N,,N,,,,,,
EIYSBU27YOCGCWVMM3YIDO7X,30-Day Diamond Membership,,,,<p><strong>Diamond — $29.98</strong></p><p>∞ msgs · 100 people · 100 swipes · 20 L³ · 12 matchmaker · 2 blind date · ∞ icebreakers · +500 tokens</p>,Memberships,Memberships,,,,,visible,Other,,,,N,N,N,N,29.98,,N,,N,,N,,,,,,
EN55HDVVDMNO7LSJ4S4SFWXQ,30-Day Gold Membership,,,,<p><strong>Gold — $9.99</strong></p><p>75 msgs · 15 people · 30 swipes · 8 L³ · 5 matchmaker · 2 blind date · 10 icebreakers · +50 tokens</p>,Memberships,Memberships,,,,,visible,Other,,,,N,N,N,N,9.99,,N,,N,,N,,,,,,
XOJRF2KX2G3G7VAITEHPOO7Z,30-Day Platinum Membership,,,,<p><strong>Platinum — $19.99</strong></p><p>∞ msgs · 40 people · 50 swipes · 12 L³ · 8 matchmaker · 2 blind date · ∞ icebreakers · +150 tokens</p>,Memberships,Memberships,,,,,visible,Other,,,,N,N,N,N,19.99,,N,,N,,N,,,,,,
ITAE65Q7OO3O5OXHE3G66KGH,7-Day Diamond Membership,,,,<p><strong>Diamond </strong></p><p>∞ msgs · 100 people · 100 swipes · 20 L³ · 12 matchmaker · 2 blind date · ∞ icebreakers · +300 tokens</p>,Trial Memberships,Trial Memberships,,,,,visible,Other,,,,N,N,N,N,14.98,,N,,N,,N,,,,,,
ERZYKVSLIPQJLAD6UTL4HIYB,7-Day Gold Membership,,,,<p><strong>Gold </strong></p><p>75 msgs · 15 people · 30 swipes · 8 L³ · 5 matchmaker · 2 blind date · 10 icebreakers · +30 tokens</p>,Trial Memberships,Trial Memberships,,,,,visible,Other,,,,N,N,N,N,4.98,,N,,N,,N,,,,,,
HWWBBU6Z55FBJQTO2F2EGHVO,7-Day Platinum Membership,,,,<p><strong>Platinum </strong></p><p>∞ msgs · 40 people · 50 swipes · 12 L³ · 8 matchmaker · 2 blind date · ∞ icebreakers · +90 tokens</p>,Trial Memberships,Trial Memberships,,,,,visible,Other,,,,N,N,N,N,9.98,,N,,N,,N,,,,,,
E3PDADBNA7ZYEIVZWFIXH22W,Gift Basket,,,,"🧺🎁 Full Basket
All four, one gift - 💎✨ Featured Jewelry, 🍾✨ Featured Bottle of Champagne, 🧸✨ Featured Stuffed Bear, 🌹✨ Featured Golden Bouquet",Gift Sets,Gift Sets,,,,,visible,Other,,,,N,N,N,N,5.98,,N,,N,,N,,,,,,
YRON3YOV3X2H42H7WRFWIXVO,Horn Bundle,,,,"25 Chat-only Horns , 
10 Full Horns.",Gift Sets,Gift Sets,,,,,visible,Other,,,,N,N,N,N,1.98,,N,,N,,N,,,,,,
N3ZJ7UDMROCSORKZAGWC2MLA,Ongoing Silver Membership,,,,<p><strong>Silver — free - no duration</strong></p><p>30 msgs · 5 people · 15 swipes · 4 L³ · 3 matchmaker · 0 blind date · 5 icebreakers · no tokens</p>,Memberships,Memberships,,,,,visible,Other,,,,N,N,N,N,0.00,,N,,N,,N,,,,,,
